{
	"type": "audit_manifest",
	"version": "1.0",
	"audits": [
		{
			"id": "aoYHcpyzFGUbr2EkBiFg5O",
			"generator": "w32drivers-signature",
			"generatorVersion": "2.1.4.0",
			"results": [
				{
					"payload": "w32drivers-signature.efdQh2ylWpfbefSZjh2rvx",
					"type": "application/xml",
					"timestamps": [
						{
							"event": "Started",
							"time": "2016-07-07T05:48:34Z",
							"skew": "+PT0S",
							"offset": 0
						},
						{
							"event": "Finished",
							"time": "2016-07-07T05:49:03Z",
							"skew": "+PT0S",
							"offset": 460429
						}
					]
				},
				{
					"payload": "w32drivers-signature.issues.9mCcehnJmpWcRBALe1IiwC",
					"type": "application/vnd.mandiant.issues+xml",
					"timestamps": [
						{
							"event": "Started",
							"time": "2016-07-07T05:48:34Z",
							"skew": "+PT0S",
							"offset": 0
						},
						{
							"event": "Finished",
							"time": "2016-07-07T05:49:03Z",
							"skew": "+PT0S",
							"offset": 1075
						}
					]
				}
			]
		},
		{
			"id": "hWl2GKppasefZenTAP64c3",
			"generator": "w32drivers-modulelist",
			"generatorVersion": "1.4.46.0",
			"results": [
				{
					"payload": "w32drivers-modulelist.1EbDOelqEGOc8FQFQcpHzn",
					"type": "application/xml",
					"timestamps": [
						{
							"event": "Started",
							"time": "2016-07-07T05:49:03Z",
							"skew": "+PT0S",
							"offset": 460429
						},
						{
							"event": "Finished",
							"time": "2016-07-07T05:49:16Z",
							"skew": "+PT0S",
							"offset": 529550
						}
					]
				},
				{
					"payload": "w32drivers-modulelist.issues.a1oF4OqPjdwccelUDQFE2P",
					"type": "application/vnd.mandiant.issues+xml",
					"timestamps": [
						{
							"event": "Started",
							"time": "2016-07-07T05:49:03Z",
							"skew": "+PT0S",
							"offset": 0
						},
						{
							"event": "Finished",
							"time": "2016-07-07T05:49:16Z",
							"skew": "+PT0S",
							"offset": 2150
						}
					]
				}
			]
		},
		{
			"id": "hHokZRg2DaufPnC6MPidbf",
			"generator": "w32kernel-hookdetection",
			"generatorVersion": "1.4.46.0",
			"results": [
				{
					"payload": "w32kernel-hookdetection.6PyjvHvRI2wbMSCEsHTnvB",
					"type": "application/xml",
					"timestamps": [
						{
							"event": "Started",
							"time": "2016-07-07T05:49:16Z",
							"skew": "+PT0S",
							"offset": 529550
						},
						{
							"event": "Finished",
							"time": "2016-07-07T05:49:29Z",
							"skew": "+PT0S",
							"offset": 529889
						}
					]
				},
				{
					"payload": "w32kernel-hookdetection.issues.hQE5TWUuGHkeF332H0alui",
					"type": "application/vnd.mandiant.issues+xml",
					"timestamps": [
						{
							"event": "Started",
							"time": "2016-07-07T05:49:16Z",
							"skew": "+PT0S",
							"offset": 0
						},
						{
							"event": "Finished",
							"time": "2016-07-07T05:49:29Z",
							"skew": "+PT0S",
							"offset": 3315
						}
					]
				}
			]
		},
		{
			"id": "3o0xQ6cJhG7gqertYLkBF8",
			"generator": "w32processes-memory",
			"generatorVersion": "2.1.4.0",
			"results": [
				{
					"payload": "w32processes-memory.lb0wr1RZrAle8lvOyxFprP",
					"type": "application/xml",
					"timestamps": [
						{
							"event": "Started",
							"time": "2016-07-07T05:49:29Z",
							"skew": "+PT0S",
							"offset": 529889
						},
						{
							"event": "Finished",
							"time": "2016-07-07T05:49:47Z",
							"skew": "+PT0S",
							"offset": 530215
						}
					]
				},
				{
					"payload": "w32processes-memory.issues.654ecfm5ofDfybKV13VXpA",
					"type": "application/vnd.mandiant.issues+xml",
					"timestamps": [
						{
							"event": "Started",
							"time": "2016-07-07T05:49:29Z",
							"skew": "+PT0S",
							"offset": 0
						},
						{
							"event": "Finished",
							"time": "2016-07-07T05:49:47Z",
							"skew": "+PT0S",
							"offset": 4390
						}
					]
				}
			]
		},
		{
			"id": "bDZMIpkkbcRfESbn7m23Az",
			"generator": "w32system",
			"generatorVersion": "1.4.36.0",
			"results": [
				{
					"payload": "w32system.dJrU76yT9dUfzIHUVQlwlB",
					"type": "application/xml",
					"timestamps": [
						{
							"event": "Started",
							"time": "2016-07-07T05:49:47Z",
							"skew": "+PT0S",
							"offset": 530215
						},
						{
							"event": "Finished",
							"time": "2016-07-07T05:49:47Z",
							"skew": "+PT0S",
							"offset": 534359
						}
					]
				}
			]
		},
		{
			"id": "4HRBWWjpxHycnegOdCCiOS",
			"generator": "w32disks",
			"generatorVersion": "1.4.36.0",
			"results": [
				{
					"payload": "w32disks.bJBdQrn5yWCfV0zD3a7JpU",
					"type": "application/xml",
					"timestamps": [
						{
							"event": "Started",
							"time": "2016-07-07T05:49:47Z",
							"skew": "+PT0S",
							"offset": 534359
						},
						{
							"event": "Finished",
							"time": "2016-07-07T05:49:47Z",
							"skew": "+PT0S",
							"offset": 536197
						}
					]
				},
				{
					"payload": "w32disks.issues.g20EiVABr7we4FMSK90ce0",
					"type": "application/vnd.mandiant.issues+xml",
					"timestamps": [
						{
							"event": "Started",
							"time": "2016-07-07T05:49:47Z",
							"skew": "+PT0S",
							"offset": 0
						},
						{
							"event": "Finished",
							"time": "2016-07-07T05:49:47Z",
							"skew": "+PT0S",
							"offset": 4858
						}
					]
				}
			]
		},
		{
			"id": "gVe5QaSSktzflCnaP4NqQ6",
			"generator": "w32rawfiles",
			"generatorVersion": "1.4.36.0",
			"results": [
				{
					"payload": "w32rawfiles.3QCJ5hAOuuXd7SZceMgvmw",
					"type": "application/xml",
					"timestamps": [
						{
							"event": "Started",
							"time": "2016-07-07T05:49:47Z",
							"skew": "+PT0S",
							"offset": 536197
						},
						{
							"event": "Finished",
							"time": "2016-07-07T05:54:26Z",
							"skew": "+PT0S",
							"offset": 180089142
						}
					]
				},
				{
					"payload": "w32rawfiles.issues.ghEerxH2ci3eT0oGeFSeVD",
					"type": "application/vnd.mandiant.issues+xml",
					"timestamps": [
						{
							"event": "Started",
							"time": "2016-07-07T05:49:47Z",
							"skew": "+PT0S",
							"offset": 0
						},
						{
							"event": "Finished",
							"time": "2016-07-07T05:54:27Z",
							"skew": "+PT0S",
							"offset": 9430045
						}
					]
				}
			]
		},
		{
			"id": "eXVj1EadEMydClwr6iroAs",
			"generator": "w32network-arp",
			"generatorVersion": "1.4.34.0",
			"results": [
				{
					"payload": "w32network-arp.2ZRu5BGWZHzdsioCmj7lv3",
					"type": "application/xml",
					"timestamps": [
						{
							"event": "Started",
							"time": "2016-07-07T05:54:27Z",
							"skew": "+PT0S",
							"offset": 180089142
						},
						{
							"event": "Finished",
							"time": "2016-07-07T05:54:27Z",
							"skew": "+PT0S",
							"offset": 180106357
						}
					]
				}
			]
		},
		{
			"id": "9yzGB9BbDsCdH3tTMqutty",
			"generator": "w32network-dns",
			"generatorVersion": "1.4.34.0",
			"results": [
				{
					"payload": "w32network-dns.71BkTo9QRfCbDRUdTxHHTK",
					"type": "application/xml",
					"timestamps": [
						{
							"event": "Started",
							"time": "2016-07-07T05:54:27Z",
							"skew": "+PT0S",
							"offset": 180106357
						},
						{
							"event": "Finished",
							"time": "2016-07-07T05:54:27Z",
							"skew": "+PT0S",
							"offset": 180106676
						}
					]
				}
			]
		},
		{
			"id": "aj37Upmo6zbbSdtocz8Dtb",
			"generator": "w32network-route",
			"generatorVersion": "1.4.34.0",
			"results": [
				{
					"payload": "w32network-route.1e6BmPQ23V4dBB2xK0WS3w",
					"type": "application/xml",
					"timestamps": [
						{
							"event": "Started",
							"time": "2016-07-07T05:54:27Z",
							"skew": "+PT0S",
							"offset": 180106676
						},
						{
							"event": "Finished",
							"time": "2016-07-07T05:54:27Z",
							"skew": "+PT0S",
							"offset": 180121888
						}
					]
				}
			]
		},
		{
			"id": "iyiFUHEg098bZiQMbUgCfz",
			"generator": "w32ports",
			"generatorVersion": "1.4.36.0",
			"results": [
				{
					"payload": "w32ports.3zC2BSL1KYPbEaN5fxE0lk",
					"type": "application/xml",
					"timestamps": [
						{
							"event": "Started",
							"time": "2016-07-07T05:54:27Z",
							"skew": "+PT0S",
							"offset": 180121888
						},
						{
							"event": "Finished",
							"time": "2016-07-07T05:54:27Z",
							"skew": "+PT0S",
							"offset": 180137365
						}
					]
				}
			]
		},
		{
			"id": "jw5G9FegbnOfwWTtfGMx6F",
			"generator": "w32scripting-persistence",
			"generatorVersion": "1.4.45.0",
			"results": [
				{
					"payload": "w32scripting-persistence.cfFDIOiUqFxfk720UyL4d4",
					"type": "application/xml",
					"timestamps": [
						{
							"event": "Started",
							"time": "2016-07-07T05:54:27Z",
							"skew": "+PT0S",
							"offset": 180137365
						},
						{
							"event": "Finished",
							"time": "2016-07-07T05:54:35Z",
							"skew": "+PT0S",
							"offset": 182612521
						}
					]
				},
				{
					"payload": "w32scripting-persistence.issues.8KdYakplQitem9ngep4bUM",
					"type": "application/vnd.mandiant.issues+xml",
					"timestamps": [
						{
							"event": "Started",
							"time": "2016-07-07T05:54:27Z",
							"skew": "+PT0S",
							"offset": 0
						},
						{
							"event": "Finished",
							"time": "2016-07-07T05:54:35Z",
							"skew": "+PT0S",
							"offset": 9526720
						}
					]
				}
			]
		},
		{
			"id": "3ykLorPkRTwbYkvaqL2WNM",
			"generator": "w32services",
			"generatorVersion": "1.4.36.0",
			"results": [
				{
					"payload": "w32services.lsiqEck2aL6fbO103JPWzJ",
					"type": "application/xml",
					"timestamps": [
						{
							"event": "Started",
							"time": "2016-07-07T05:54:35Z",
							"skew": "+PT0S",
							"offset": 182612521
						},
						{
							"event": "Finished",
							"time": "2016-07-07T05:55:44Z",
							"skew": "+PT0S",
							"offset": 182941412
						}
					]
				},
				{
					"payload": "w32services.issues.4RDlmN0GIMYghLU12GBTPs",
					"type": "application/vnd.mandiant.issues+xml",
					"timestamps": [
						{
							"event": "Started",
							"time": "2016-07-07T05:55:23Z",
							"skew": "+PT0S",
							"offset": 0
						},
						{
							"event": "Finished",
							"time": "2016-07-07T05:55:44Z",
							"skew": "+PT0S",
							"offset": 9527219
						}
					]
				}
			]
		},
		{
			"id": "dt4HgQ6KAzSfrFlGJH5TxQ",
			"generator": "w32tasks",
			"generatorVersion": "1.4.36.0",
			"results": [
				{
					"payload": "w32tasks.gezZiPBbgFscigWBYjbMr1",
					"type": "application/xml",
					"timestamps": [
						{
							"event": "Started",
							"time": "2016-07-07T05:55:44Z",
							"skew": "+PT0S",
							"offset": 182941412
						},
						{
							"event": "Finished",
							"time": "2016-07-07T05:55:49Z",
							"skew": "+PT0S",
							"offset": 183076515
						}
					]
				},
				{
					"payload": "w32tasks.issues.50iKXr7ETj4fkJ5rdomrBg",
					"type": "application/vnd.mandiant.issues+xml",
					"timestamps": [
						{
							"event": "Started",
							"time": "2016-07-07T05:55:45Z",
							"skew": "+PT0S",
							"offset": 0
						},
						{
							"event": "Finished",
							"time": "2016-07-07T05:55:49Z",
							"skew": "+PT0S",
							"offset": 9528219
						}
					]
				}
			]
		},
		{
			"id": "bwlhuAZLRxZcKeXWFQKPYT",
			"generator": "w32volumes",
			"generatorVersion": "1.4.36.0",
			"results": [
				{
					"payload": "w32volumes.fuN9qqkPsnoeMuJjktpZVY",
					"type": "application/xml",
					"timestamps": [
						{
							"event": "Started",
							"time": "2016-07-07T05:55:49Z",
							"skew": "+PT0S",
							"offset": 183076515
						},
						{
							"event": "Finished",
							"time": "2016-07-07T05:55:50Z",
							"skew": "+PT0S",
							"offset": 183078945
						}
					]
				},
				{
					"payload": "w32volumes.issues.iKuRjLjMizLcoOu3lrNG2E",
					"type": "application/vnd.mandiant.issues+xml",
					"timestamps": [
						{
							"event": "Started",
							"time": "2016-07-07T05:55:50Z",
							"skew": "+PT0S",
							"offset": 0
						},
						{
							"event": "Finished",
							"time": "2016-07-07T05:55:50Z",
							"skew": "+PT0S",
							"offset": 9528837
						}
					]
				}
			]
		},
		{
			"id": "9FFtjAbAiWSeivzsMB6cU1",
			"generator": "filedownloadhistory",
			"generatorVersion": "1.4.36.0",
			"results": [
				{
					"payload": "filedownloadhistory.46POEXcBoYmcuH65Hh596P",
					"type": "application/xml",
					"timestamps": [
						{
							"event": "Started",
							"time": "2016-07-07T05:55:50Z",
							"skew": "+PT0S",
							"offset": 183078945
						},
						{
							"event": "Finished",
							"time": "2016-07-07T05:56:12Z",
							"skew": "+PT0S",
							"offset": 183083952
						}
					]
				},
				{
					"payload": "filedownloadhistory.issues.9i2ZGelR6ImcPIRG2jP1s2",
					"type": "application/vnd.mandiant.issues+xml",
					"timestamps": [
						{
							"event": "Started",
							"time": "2016-07-07T05:55:50Z",
							"skew": "+PT0S",
							"offset": 0
						},
						{
							"event": "Finished",
							"time": "2016-07-07T05:56:12Z",
							"skew": "+PT0S",
							"offset": 9536786
						}
					]
				}
			]
		},
		{
			"id": "dKhS5f0IRu9eV68RBD4BZL",
			"generator": "urlhistory",
			"generatorVersion": "1.4.36.0",
			"results": [
				{
					"payload": "urlhistory.ha9OBTZ44eOf7IEw7Jr84n",
					"type": "application/xml",
					"timestamps": [
						{
							"event": "Started",
							"time": "2016-07-07T05:56:12Z",
							"skew": "+PT0S",
							"offset": 183083952
						},
						{
							"event": "Finished",
							"time": "2016-07-07T05:56:33Z",
							"skew": "+PT0S",
							"offset": 184094582
						}
					]
				},
				{
					"payload": "urlhistory.issues.84wMYbDIBdzcztY2pBTTas",
					"type": "application/vnd.mandiant.issues+xml",
					"timestamps": [
						{
							"event": "Started",
							"time": "2016-07-07T05:56:12Z",
							"skew": "+PT0S",
							"offset": 0
						},
						{
							"event": "Finished",
							"time": "2016-07-07T05:56:33Z",
							"skew": "+PT0S",
							"offset": 9546695
						}
					]
				}
			]
		}
	]
}
